{
  "label_aps": {
    "car": {
      "0.5": 0.4071693271688235,
      "1.0": 0.5649060396621598,
      "2.0": 0.653780213405317,
      "4.0": 0.6909976521738341
    },
    "truck": {
      "0.5": 0.06830874004951247,
      "1.0": 0.06830874004951247,
      "2.0": 0.08025687221688903,
      "4.0": 0.08266930860122602
    },
    "bus": {
      "0.5": 0.01073210295514217,
      "1.0": 0.07599970472260607,
      "2.0": 0.3340824291732426,
      "4.0": 0.49795488855917464
    },
    "trailer": {
      "0.5": 0.0,
      "1.0": 0.0,
      "2.0": 0.0,
      "4.0": 0.0
    },
    "construction_vehicle": {
      "0.5": 0.0,
      "1.0": 0.0,
      "2.0": 0.0,
      "4.0": 0.0
    },
    "pedestrian": {
      "0.5": 0.5550239887371293,
      "1.0": 0.5880689125755881,
      "2.0": 0.6111721723189717,
      "4.0": 0.6713892877796177
    },
    "motorcycle": {
      "0.5": 0.00022180035982381037,
      "1.0": 0.0008378521217451785,
      "2.0": 0.0015858587843277957,
      "4.0": 0.005386692189535842
    },
    "bicycle": {
      "0.5": 0.0,
      "1.0": 0.0,
      "2.0": 0.0,
      "4.0": 0.0
    },
    "traffic_cone": {
      "0.5": 0.0,
      "1.0": 0.0,
      "2.0": 0.0,
      "4.0": 0.0
    },
    "barrier": {
      "0.5": 0.0,
      "1.0": 0.0,
      "2.0": 0.0,
      "4.0": 0.0
    }
  },
  "mean_dist_aps": {
    "car": 0.5792133081025337,
    "truck": 0.07488591522928499,
    "bus": 0.22969228135254138,
    "trailer": 0.0,
    "construction_vehicle": 0.0,
    "pedestrian": 0.6064135903528267,
    "motorcycle": 0.002008050863858157,
    "bicycle": 0.0,
    "traffic_cone": 0.0,
    "barrier": 0.0
  },
  "mean_ap": 0.14922131459010451,
  "label_tp_errors": {
    "car": {
      "trans_err": 0.29637357090170646,
      "scale_err": 0.19659747571388728,
      "orient_err": 0.9249692880141116,
      "vel_err": 0.3460270257165996,
      "attr_err": 0.30158679843569586
    },
    "truck": {
      "trans_err": 0.2820504397878585,
      "scale_err": 0.18694440642090465,
      "orient_err": 1.1270215049023706,
      "vel_err": 0.24208675467713411,
      "attr_err": 0.073243702025908
    },
    "bus": {
      "trans_err": 0.8857447944715902,
      "scale_err": 0.21421839867513948,
      "orient_err": 0.9439591870310606,
      "vel_err": 3.866644458258551,
      "attr_err": 0.10601444928416053
    },
    "trailer": {
      "trans_err": 1.0,
      "scale_err": 1.0,
      "orient_err": 1.0,
      "vel_err": 1.0,
      "attr_err": 1.0
    },
    "construction_vehicle": {
      "trans_err": 1.0,
      "scale_err": 1.0,
      "orient_err": 1.0,
      "vel_err": 1.0,
      "attr_err": 1.0
    },
    "pedestrian": {
      "trans_err": 0.24566640882958757,
      "scale_err": 0.30084133779948546,
      "orient_err": 0.9164601725655925,
      "vel_err": 0.7264727764181886,
      "attr_err": 0.14403717978421757
    },
    "motorcycle": {
      "trans_err": 0.4983969149036166,
      "scale_err": 0.35457317298711083,
      "orient_err": 1.600819933816782,
      "vel_err": 0.6250116645577929,
      "attr_err": 0.5898926256399115
    },
    "bicycle": {
      "trans_err": 0.9653093830283718,
      "scale_err": 0.285532178715082,
      "orient_err": 2.5515985009640296,
      "vel_err": 0.5498400992027805,
      "attr_err": 0.1601283584622513
    },
    "traffic_cone": {
      "trans_err": 0.3308469951634704,
      "scale_err": 0.5784325893796498,
      "orient_err": NaN,
      "vel_err": NaN,
      "attr_err": NaN
    },
    "barrier": {
      "trans_err": 1.0,
      "scale_err": 1.0,
      "orient_err": 1.0,
      "vel_err": NaN,
      "attr_err": NaN
    }
  },
  "tp_errors": {
    "trans_err": 0.6504388507086201,
    "scale_err": 0.5117139559691259,
    "orient_err": 1.2294253985882164,
    "vel_err": 1.0445103473538808,
    "attr_err": 0.4218628892040181
  },
  "tp_scores": {
    "trans_err": 0.34956114929137994,
    "scale_err": 0.48828604403087406,
    "orient_err": 0.0,
    "vel_err": 0.0,
    "attr_err": 0.5781371107959818
  },
  "nd_score": 0.2162090877068758,
  "eval_time": 2.7230169773101807,
  "cfg": {
    "class_range": {
      "car": 50,
      "truck": 50,
      "bus": 50,
      "trailer": 50,
      "construction_vehicle": 50,
      "pedestrian": 40,
      "motorcycle": 40,
      "bicycle": 40,
      "traffic_cone": 30,
      "barrier": 30
    },
    "dist_fcn": "center_distance",
    "dist_ths": [
      0.5,
      1.0,
      2.0,
      4.0
    ],
    "dist_th_tp": 2.0,
    "min_recall": 0.1,
    "min_precision": 0.1,
    "max_boxes_per_sample": 500,
    "mean_ap_weight": 5
  },
  "meta": {
    "use_camera": false,
    "use_lidar": true,
    "use_radar": false,
    "use_map": false,
    "use_external": false
  }
}