{
  "label_aps": {
    "car": {
      "0.5": 0.7341380412903865,
      "1.0": 0.8513803435296023,
      "2.0": 0.8955299545944498,
      "4.0": 0.9084999252899729
    },
    "truck": {
      "0.5": 0.39209498169796164,
      "1.0": 0.40851872930076594,
      "2.0": 0.4126532978601865,
      "4.0": 0.43242465430624133
    },
    "bus": {
      "0.5": 0.8894536102629492,
      "1.0": 0.9930149447693309,
      "2.0": 0.9930149447693309,
      "4.0": 0.9930149447693309
    },
    "trailer": {
      "0.5": 0.0,
      "1.0": 0.0,
      "2.0": 0.0,
      "4.0": 0.0
    },
    "construction_vehicle": {
      "0.5": 0.0,
      "1.0": 0.0,
      "2.0": 0.0,
      "4.0": 0.0
    },
    "pedestrian": {
      "0.5": 0.8460509272197904,
      "1.0": 0.8727449776207363,
      "2.0": 0.8894049209602344,
      "4.0": 0.917385104638748
    },
    "motorcycle": {
      "0.5": 0.17176794508496815,
      "1.0": 0.18119038622154318,
      "2.0": 0.19279374609464772,
      "4.0": 0.21028355841777263
    },
    "bicycle": {
      "0.5": 0.0,
      "1.0": 0.0,
      "2.0": 0.0,
      "4.0": 0.0
    },
    "traffic_cone": {
      "0.5": 0.0,
      "1.0": 0.0,
      "2.0": 0.0,
      "4.0": 0.0
    },
    "barrier": {
      "0.5": 0.0,
      "1.0": 0.0,
      "2.0": 0.0,
      "4.0": 0.0
    }
  },
  "mean_dist_aps": {
    "car": 0.8473870661761029,
    "truck": 0.41142291579128887,
    "bus": 0.9671246111427355,
    "trailer": 0.0,
    "construction_vehicle": 0.0,
    "pedestrian": 0.8813964826098772,
    "motorcycle": 0.18900890895473293,
    "bicycle": 0.0,
    "traffic_cone": 0.0,
    "barrier": 0.0
  },
  "mean_ap": 0.32963399846747377,
  "label_tp_errors": {
    "car": {
      "trans_err": 0.2010341771583934,
      "scale_err": 0.17476441546106292,
      "orient_err": 0.27156494838577466,
      "vel_err": 0.16056921512472763,
      "attr_err": 0.09753361243127054
    },
    "truck": {
      "trans_err": 0.1724319432718269,
      "scale_err": 0.18186200714063966,
      "orient_err": 0.34761080979700915,
      "vel_err": 0.20934024930723286,
      "attr_err": 0.18942102411997105
    },
    "bus": {
      "trans_err": 0.23896776726121807,
      "scale_err": 0.1552046738749343,
      "orient_err": 0.02002074751094495,
      "vel_err": 0.6614794245046143,
      "attr_err": 0.22086028680764921
    },
    "trailer": {
      "trans_err": 1.0,
      "scale_err": 1.0,
      "orient_err": 1.0,
      "vel_err": 1.0,
      "attr_err": 1.0
    },
    "construction_vehicle": {
      "trans_err": 1.0,
      "scale_err": 1.0,
      "orient_err": 1.0,
      "vel_err": 1.0,
      "attr_err": 1.0
    },
    "pedestrian": {
      "trans_err": 0.14132700716271235,
      "scale_err": 0.2681586601989347,
      "orient_err": 0.3381147222599169,
      "vel_err": 0.23470259705864877,
      "attr_err": 0.10190130012750828
    },
    "motorcycle": {
      "trans_err": 0.22189954404611326,
      "scale_err": 0.31903919845309153,
      "orient_err": 0.7678574948444716,
      "vel_err": 0.0944755428726629,
      "attr_err": 0.06540077674319755
    },
    "bicycle": {
      "trans_err": 0.5536311547030793,
      "scale_err": 0.29018960258974286,
      "orient_err": 0.597072132736872,
      "vel_err": 0.015805878508699675,
      "attr_err": 0.026558158829699672
    },
    "traffic_cone": {
      "trans_err": 0.13109103058186572,
      "scale_err": 0.4194607919286673,
      "orient_err": NaN,
      "vel_err": NaN,
      "attr_err": NaN
    },
    "barrier": {
      "trans_err": 1.0,
      "scale_err": 1.0,
      "orient_err": 1.0,
      "vel_err": NaN,
      "attr_err": NaN
    }
  },
  "tp_errors": {
    "trans_err": 0.46603826241852087,
    "scale_err": 0.48086793496470737,
    "orient_err": 0.5935823172816654,
    "vel_err": 0.4220466134220733,
    "attr_err": 0.33770939488241203
  },
  "tp_scores": {
    "trans_err": 0.5339617375814791,
    "scale_err": 0.5191320650352926,
    "orient_err": 0.40641768271833456,
    "vel_err": 0.5779533865779267,
    "attr_err": 0.662290605117588
  },
  "nd_score": 0.434792546936799,
  "eval_time": 2.305797815322876,
  "cfg": {
    "class_range": {
      "car": 50,
      "truck": 50,
      "bus": 50,
      "trailer": 50,
      "construction_vehicle": 50,
      "pedestrian": 40,
      "motorcycle": 40,
      "bicycle": 40,
      "traffic_cone": 30,
      "barrier": 30
    },
    "dist_fcn": "center_distance",
    "dist_ths": [
      0.5,
      1.0,
      2.0,
      4.0
    ],
    "dist_th_tp": 2.0,
    "min_recall": 0.1,
    "min_precision": 0.1,
    "max_boxes_per_sample": 500,
    "mean_ap_weight": 5
  },
  "meta": {
    "use_camera": false,
    "use_lidar": true,
    "use_radar": false,
    "use_map": false,
    "use_external": false
  }
}